domain_id,pdb_id,chain_id,start_res,end_res
1elvA03,1elv,A,342,409
1evuA01,1evu,A,8,192
1qhdA01,1qhd,A,159,328
3bgaA02,3bga,A,246,356
2hjeA02,2hje,A,208,271
3bp6B01,3bp6,B,19,121
2darA01,2dar,A,12,83
3ek7A01,3ek7,A,39,307
2erjB02,2erj,B,106,209
1c5kA02,1c5k,A,166,431
1se8A02,1se8,A,117,233
2e9wA02,2e9w,A,117,207
2ovrB02,2ovr,B,2368,2706
1j0hA04,1j0h,A,506,588
2bhuA01,2bhu,A,14,109
1x5mA01,1x5m,A,16,121
2y8tA03,2y8t,A,421,479
2uzxB02,2uzx,B,532,658
3hrpA01,3hrp,A,31,125
3dhuA02,3dhu,A,353,427
3oggA02,3ogg,A,1088,1276
1a3qA02,1a3q,A,225,322
1oxxK02,1oxx,K,297,341
3holA02,3hol,A,129,294
4aq1A02,4aq1,A,296,386
3pijA02,3pij,A,365,513
5mw5A01,5mw5,A,28,203
6qp9B01,6qp9,B,97,575
2vnuD04,2vnu,D,912,998
2zcwA01,2zcw,A,5,116
7tuvA02,7tuv,A,370,461
7bwcA01,7bwc,A,27,349
4wz9A01,4wz9,A,57,270
3ul4A01,3ul4,A,6,145
5dudC02,5dud,C,170,307
1pu4A03,1pu4,A,322,728
4h3sA02,4h3s,A,571,697
5ejlA02,5ejl,A,105,228
4ag4A02,4ag4,A,189,370
3mhdD01,3mhd,D,32,116
3ks7A02,3ks7,A,237,415
2gy5A03,2gy5,A,212,346
4qszA01,4qsz,A,14,313
2gtlM02,2gtl,M,60,225
5jpnC01,5jpn,C,1455,1587
1b23P03,1b23,P,311,404
5kzwA02,5kzw,A,129,360
8f5pE01,8f5p,E,2,450
7uhyA01,7uhy,A,7,351
6gmhH01,6gmh,H,6,149
4aqsA02,4aqs,A,274,389
4dq2A03,4dq2,A,277,323
2q1fA04,2q1f,A,871,1014
6b9tF02,6b9t,F,311,419
4hgzA02,4hgz,A,152,211
2pm6D01,2pm6,D,10,296
1h6wA02,1h6w,A,287,329
5jpnB02,5jpn,B,773,830
1yleA02,1yle,A,274,340
1x5kA01,1x5k,A,16,116
4xhzA02,4xhz,A,903,1009
3d85D02,3d85,D,103,210
5ewnA01,5ewn,A,81,264
3wirA03,3wir,A,688,756
8axiA01,8axi,A,29,389
3s2kB01,3s2k,B,628,918
1o59A01,1o59,A,2,187
1f97A02,1f97,A,129,238
1yq2A04,1yq2,A,609,723
3s98A03,3s98,A,203,299
1orvA01,1orv,A,39,508
6qwrA01,6qwr,A,16,204
2xwxA03,2xwx,A,317,414
7cfdA01,7cfd,A,597,669
1cs6A01,1cs6,A,105,209
1g0dA04,1g0d,A,586,682
2ibgA02,2ibg,A,576,677
3k0yA01,3k0y,A,34,107
1gjwA02,1gjw,A,569,636
2bg9C01,2bg9,C,1,224
3lcyA02,3lcy,A,101,197
4ljzC06,4ljz,C,714,788
5dm6S02,5dm6,S,87,175
3ufiA02,3ufi,A,186,310
3frnA03,3frn,A,224,283
1zboA01,1zbo,A,2,114
2hyxA02,2hyx,A,564,694
5z0uA01,5z0u,A,1,124
2edzA01,2edz,A,4,114
5c71A02,5c71,A,180,275
3v64C01,3v64,C,404,437
2zylA01,2zyl,A,21,155
1a6cA01,1a6c,A,1,348
1k32A02,1k32,A,326,675
3n91A02,3n91,A,197,332
3udcA02,3udc,A,128,177
4ah6A01,4ah6,A,42,155
1d5rA02,1d5r,A,188,351
6iomB01,6iom,B,2,78
1mfnA02,1mfn,A,92,184
3cdzA01,3cdz,A,1,190
4ye4H01,4ye4,H,2,127
5is8A02,5is8,A,289,487
7o79A01,7o79,A,22,416
1vx4404,1vx4,4,361,500
2wgnB01,2wgn,B,15,111
2kxqA01,2kxq,A,253,282
2iu8C02,2iu8,C,107,317
2rhsD02,2rhs,D,39,160
4indA01,4ind,A,6,151
3thdA03,3thd,A,379,515
1w8oA02,1w8o,A,401,502
3zxaC01,3zxa,C,53,244
7qrlA01,7qrl,A,471,605
1qr4A01,1qr4,A,1,87
2l3rA02,2l3r,A,213,285
6zqqA01,6zqq,A,341,524
1iz6A01,1iz6,A,2,70
2e5wA01,2e5w,A,1,56
7dd9A02,7dd9,A,712,968
4fchA02,4fch,A,284,387
1wzoA01,1wzo,A,1,40
2uxtA03,2uxt,A,346,471
2wanA03,2wan,A,310,411
2hsiA01,2hsi,A,25,124
2fd6U02,2fd6,U,92,187
1hxmB01,1hxm,B,1,125
3kioC01,3kio,C,24,116
2w59B02,2w59,B,449,566
2jbrA02,2jbr,A,143,237
3w5mA01,3w5m,A,3,111
3nqiA02,3nqi,A,101,267
2e2dC02,2e2d,C,1016,1109
2yrbA01,2yrb,A,604,738
3mi6B03,3mi6,B,634,737
3kq4B04,3kq4,B,1278,1388
2zwsA02,2zws,A,512,645
3gkeA01,3gke,A,2,131
1f60A03,1f60,A,333,440
2odpA02,2odp,A,442,560
5cyxA01,5cyx,A,10,97
1e2rA02,1e2r,A,136,567
6mrmC01,6mrm,C,40,213
3tx4A02,3tx4,A,251,392
3gm8A01,3gm8,A,20,176
2iciA02,2ici,A,19,96
4kc3B02,4kc3,B,113,207
2kr0A01,2kr0,A,21,133
1jlxA01,1jlx,A,1,159
2fhdA02,2fhd,A,418,489
2greF02,2gre,F,74,169
1z1yA01,1z1y,A,8,177
1jv1B02,1jv1,B,438,500
2vqaA02,2vqa,A,62,238
1l0wA01,1l0w,A,1,106
3bc9A04,3bc9,A,508,599
3c9aA03,3c9a,A,349,419
2r7eA02,2r7e,A,191,334
6bogA01,6bog,A,2,53
4xvhA01,4xvh,A,24,130
2g7cA02,2g7c,A,74,164
5fubA02,5fub,A,222,408
3r0sA01,3r0s,A,3,194
2sliA03,2sli,A,405,504
3t5oA04,3t5o,A,682,744
1xkwA01,1xkw,A,83,182
4fvdA02,4fvd,A,51,144
1ayrB02,1ayr,B,187,363
4ftdA01,4ftd,A,35,129
2wv3A01,2wv3,A,3,90
2ws9201,2ws9,2,31,225
1fxjA02,1fxj,A,237,329
6htnA01,6htn,A,3,139
2egvA01,2egv,A,1,66
3s6xC03,3s6x,C,252,291
1o7dC02,1o7d,C,492,584
6evgA01,6evg,A,22,153
1rgxA02,1rgx,A,31,94
5bncB01,5bnc,B,25,173
4qmgA02,4qmg,A,184,333
1jqpA01,1jqp,A,6,117
1ypzF01,1ypz,F,1,123
2v43A01,2v43,A,26,208
4rnyA03,4rny,A,229,360
3nsjA02,3nsj,A,409,536
1fnuA01,1fnu,A,27,106
3rfzB04,3rfz,B,660,750
3gm8A05,3gm8,A,705,814
1x7fA02,1x7f,A,243,361
2npiA03,2npi,A,343,445
2zwaA02,2zwa,A,369,694
4h40A02,4h40,A,204,345
4gzuA02,4gzu,A,735,928
1n26A02,1n26,A,14,91
3cj8A03,3cj8,A,79,218
3tp4B02,3tp4,B,372,468
1wftA01,1wft,A,10,113
5jtwA02,5jtw,A,138,237
3jamg01,3jam,g,11,326
2v0cA03,2v0c,A,579,635
2w91A02,2w91,A,523,704
2pmwB02,2pmw,B,453,683
5eqxA04,5eqx,A,332,435
4z7aA03,4z7a,A,261,397
2l5qA01,2l5q,A,1,50
6ieoA03,6ieo,A,438,531
3omzA02,3omz,A,139,240
6etzA01,6etz,A,22,226
4mmhA02,4mmh,A,389,665
3shsA02,3shs,A,90,181
5uv6B02,5uv6,B,136,223
1bd2E01,1bd2,E,3,118
2wngA03,2wng,A,223,316
2p0oA02,2p0o,A,239,369
4z18A01,4z18,A,19,132
3c12A02,3c12,A,67,153
1jlxA02,1jlx,A,160,299
2g6gA02,2g6g,A,143,337
2j8hA02,2j8h,A,98,195
4g6iC02,4g6i,C,106,199
1tozA02,1toz,A,454,526
3uesA02,3ues,A,357,478
4aq1A04,4aq1,A,502,628
3zxaC02,3zxa,C,245,351
2wssA01,2wss,A,1,93
2olgA02,2olg,A,239,353
5l0qB01,5l0q,B,1,108
3m4xA03,3m4x,A,399,455
2aaaA02,2aaa,A,375,476
3rfzA02,3rfz,A,160,279
1a8dA02,1a8d,A,247,452
4l3aA05,4l3a,A,437,516
3a5vA02,3a5v,A,299,397
4q1vA01,4q1v,A,26,473
3nemA01,3nem,A,1,105
2v05A01,2v05,A,1,128
2i0nA01,2i0n,A,11,67
2xzmR01,2xzm,R,14,343
4uf0A03,4uf0,A,1261,1325
7jl1B01,7jl1,B,272,428
1r0aH01,1r0a,H,1,123
2id0A04,2id0,A,558,644
3optA01,3opt,A,14,341
4fkeA01,4fke,A,63,282
6s0tA01,6s0t,A,23,269
1k8kA02,1k8k,A,35,75
4dixA01,4dix,A,279,365
3mi6A01,3mi6,A,2,310
2xtsA02,2xts,A,301,430
1m9sA03,1m9s,A,391,465
1p8jA02,1p8j,A,442,573
2wllA02,2wll,A,153,309
2q07A03,2q07,A,460,527
1jmxA04,1jmx,A,363,486
3mj6A01,3mj6,A,10,121
4kh8A01,4kh8,A,37,202
4ok4A02,4ok4,A,373,733
1jbjA02,1jbj,A,112,186
4oi4C01,4oi4,C,19,102
3q39B02,3q39,B,283,400
4my2A02,4my2,A,1040,1130
3a58A01,3a58,A,76,249
3ei3A02,3ei3,A,14,355
6b9oA03,6b9o,A,874,980
1wthA01,1wth,A,6,128
2dy1A02,2dy1,A,281,377
2dfuA01,2dfu,A,1,44
6mw4A01,6mw4,A,284,413
3lb6D02,3lb6,D,140,235
1cp9B02,1cp9,B,73,145
3sd2A01,3sd2,A,42,118
1amuA03,1amu,A,346,426
2zagA02,2zag,A,601,683
4ll1C02,4ll1,C,154,299
2e4uA03,2e4u,A,503,567
3v9fA01,3v9f,A,21,359
4aq1A03,4aq1,A,387,501
3c7fA02,3c7f,A,6,350
7x68A01,7x68,A,16,65
3aupD01,3aup,D,6,200
2jjqA03,2jjq,A,108,251
3w1gA03,3w1g,A,454,604
2k5fA01,2k5f,A,1,83
4nehA03,4neh,A,598,752
2kv1A01,2kv1,A,19,104
3f6kA02,3f6k,A,577,633
6gszA05,6gsz,A,782,869
2yuhA01,2yuh,A,1,172
1m4kA02,1m4k,A,103,200
1cs6A04,1cs6,A,299,388
2q2gB01,2q2g,B,7,84
3qjoA03,3qjo,A,3314,3406
3n40P04,3n40,P,333,405
4f9aB01,4f9a,B,218,236
4amwA03,4amw,A,820,890
1dlcA03,1dlc,A,301,497
2fbjH02,2fbj,H,119,191
5wkfD01,5wkf,D,3,110
1ep5A02,1ep5,A,190,275
3meuB02,3meu,B,218,291
4dohE01,4doh,E,39,136
4c08A02,4c08,A,191,376
6l4qB01,6l4q,B,81,215
3v9fA03,3v9f,A,673,793
7r3mA01,7r3m,A,35,116
3ml4A02,3ml4,A,111,210
4qzvB02,4qzv,B,129,196
1gskA03,1gsk,A,357,510
2f68X01,2f68,X,27,164
3bn3B01,3bn3,B,1,86
3r8qA03,3r8q,A,183,271
2qlvB01,2qlv,B,161,247
7ze1A01,7ze1,A,453,683
2cg9X01,2cg9,X,12,120
6jbvA01,6jbv,A,32,216
5eokA05,5eok,A,361,605
1w99A03,1w99,A,289,468
2p3yA04,2p3y,A,308,482
5tipA01,5tip,A,35,222
2hdiA02,2hdi,A,163,663
2z9iC01,2z9i,C,6,102
1x6oA02,1x6o,A,87,165
2mtzA02,2mtz,A,51,169
3thpA02,3thp,A,192,345
3fkuS02,3fku,S,140,242
1f3lA02,1f3l,A,359,528
3itqA01,3itq,A,20,212
7a1rA01,7a1r,A,476,593
3lohE05,3loh,E,598,805
1bihA04,1bih,A,308,395
3shrA02,3shr,A,219,355
5eiqA02,5eiq,A,100,190
1ca1A02,1ca1,A,251,370
2fcbA02,2fcb,A,92,178
8e9gG01,8e9g,G,693,791
2rijA03,2rij,A,207,380
1ntyA02,1nty,A,1412,1535
7wguB01,7wgu,B,6,96
1n7oA03,1n7o,A,805,889
7y6oA03,7y6o,A,196,290
2jigA01,2jig,A,41,246
7lyuB02,7lyu,B,3271,3428
6u1vD02,6u1v,D,111,218
6mdsA02,6mds,A,679,831
3zleA03,3zle,A,439,477
1epfA01,1epf,A,1,96
6m90A02,6m90,A,250,544
2xrbA04,2xrb,A,230,290
1o6uA02,1o6u,A,276,385
1bkbA02,1bkb,A,75,139
2kxrA01,2kxr,A,2,118
1g7sA04,1g7s,A,462,550
4hetA01,4het,A,27,120
1aozA03,1aoz,A,337,552
3njaA02,3nja,A,74,119
3m70A01,3m70,A,2,107
1g44C04,1g44,C,187,230
3k2oA01,3k2o,A,0,290
2yweA02,2ywe,A,188,287
4z32A01,4z32,A,268,396
3phsA02,3phs,A,151,259
2f1lA01,2f1l,A,7,95
1jz7A02,1jz7,A,219,333
5z9sA03,5z9s,A,666,788
4bfeA02,4bfe,A,125,205
5lf5A02,5lf5,A,142,234
1skzA01,1skz,A,7,57
2jl6101,2jl6,1,3,45
1eerC01,1eer,C,22,118
2jyeA01,2jye,A,1,61
4aq1A01,4aq1,A,202,295
4tshB01,4tsh,B,980,1152
7cd1D01,7cd1,D,249,423
4irzA02,4irz,A,434,592
8bveA02,8bve,A,48,143
1bdfB02,1bdf,B,53,177
1vclA02,1vcl,A,151,284
2a6hC04,2a6h,C,471,535
2k50A01,2k50,A,7,110
2e9wB05,2e9w,B,413,507
5zveA02,5zve,A,83,168
1kv3A01,1kv3,A,15,147
1r5bA03,1r5b,A,553,662
5dzxA04,5dzx,A,313,416
3rwxA01,3rwx,A,30,149
3bzcA05,3bzc,A,635,730
2kxyA01,2kxy,A,7,91
4jx0A01,4jx0,A,42,200
1wj3A01,1wj3,A,16,108
5uk5A01,5uk5,A,340,372
4umsA01,4ums,A,1039,1180
2bjoA01,2bjo,A,2,42
7qs4A01,7qs4,A,529,731
3amlA02,3aml,A,53,167
1hh2P02,1hh2,P,135,197
1uz5A03,1uz5,A,49,145
2arzA01,2arz,A,2,151
3mhdD02,3mhd,D,117,167
2vzsA05,2vzs,A,798,899
3t5oA03,3t5o,A,620,681
4zelB01,4zel,B,211,361
5fokA02,5fok,A,157,720
5lxvA01,5lxv,A,3,170
4ys4A02,4ys4,A,241,369
4fe9A03,4fe9,A,274,383
6grsA02,6grs,A,124,218
3qijB03,3qij,B,396,488
3vsmA02,3vsm,A,419,610
1iv8A05,1iv8,A,655,720
3cxeC01,3cxe,C,219,316
3o4lD01,3o4l,D,7,110
1e5rB01,1e5r,B,1,203
6nhxA02,6nhx,A,638,759
7zhhA02,7zhh,A,168,233
3rioA01,3rio,A,3,70
8d40A01,8d40,A,5,108
1hv9B02,1hv9,B,252,440
3r8qA01,3r8q,A,1,92
3swoA02,3swo,A,139,242
3jb9K01,3jb9,K,156,450
3fhhA01,3fhh,A,1,124
3k6sD04,3k6s,D,425,557
1bq5A01,1bq5,A,8,158
2ecfA01,2ecf,A,22,481
7q61A01,7q61,A,219,338
1s7mA03,1s7m,A,678,705
3aiiA03,3aii,A,410,498
3wo4C02,3wo4,C,155,245
1yq2A02,1yq2,A,219,311
5gm0A02,5gm0,A,149,278
1yy3A02,1yy3,A,64,162
7o7aA01,7o7a,A,40,434
2as9A02,2as9,A,12,105
3b77A01,3b77,A,14,115
1lvoA02,1lvo,A,98,185
3rpiB01,3rpi,B,3,97
3pfnC02,3pfn,C,239,402
1extA01,1ext,A,13,97
4nozB01,4noz,B,-6,47
8bddA02,8bdd,A,378,737
2futA03,2fut,A,677,772
2xe4A02,2xe4,A,97,448
8onuA01,8onu,A,36,147
2vseA03,2vse,A,441,581
1feuA01,1feu,A,1,91
1twfI01,1twf,I,1,46
1a65A01,1a65,A,1,132
1tg7A05,1tg7,A,686,861
4gu4A01,4gu4,A,265,307
1jz7A04,1jz7,A,625,730
7aj6H01,7aj6,H,3,111
7w6zA01,7w6z,A,127,220
2h6oA01,2h6o,A,10,158
1tk7A01,1tk7,A,18,54
3sqrA02,3sqr,A,152,343
6eiwA01,6eiw,A,33,224
1yq2A05,1yq2,A,724,1023
2zf8A01,2zf8,A,1,154
4npjB02,4npj,B,511,659
3urgA02,3urg,A,41,106
7kjhC01,7kjh,C,26,165
3rkgA01,3rkg,A,48,141
2q0zX03,2q0z,X,208,322
4npsA02,4nps,A,255,312
2hgaA01,2hga,A,23,107
3eypA02,3eyp,A,347,478
2h9eC01,2h9e,C,6,75
2iz4A01,2iz4,A,1,49
1gqgC02,1gqg,C,22,221
1f1sA01,1f1s,A,628,902
7b0xI01,7b0x,I,25,158
2uxwA03,2uxw,A,212,326
4ak1A04,4ak1,A,333,423
2ba0A02,2ba0,A,50,136
1nziA01,1nzi,A,1,117
5wb7A01,5wb7,A,244,304
1y6kR01,1y6k,R,2,103
3d4rB02,3d4r,B,83,150
2qvsB02,2qvs,B,255,385
4qq1C03,4qq1,C,340,432
2r9qA02,2r9q,A,174,346
3askA02,3ask,A,210,364
1mbmA01,1mbm,A,8,83
6xizA02,6xiz,A,13,173
6aqgA01,6aqg,A,9,149
6fxrA01,6fxr,A,528,736
4fgmA01,4fgm,A,2,173
5f7uA02,5f7u,A,144,369
2qdrA01,2qdr,A,23,300
2dv6A02,2dv6,A,137,445
1gcyA02,1gcy,A,362,417
1wgpA01,1wgp,A,11,131
1wqsA01,1wqs,A,1,70
4kh9A03,4kh9,A,66,178
1ksiA03,1ksi,A,231,646
2rcnA01,2rcn,A,43,110
2oa2A01,2oa2,A,169,289
3m6wA03,3m6w,A,394,460
1yo8A03,1yo8,A,654,693
7wdtA01,7wdt,A,48,197
4amwA01,4amw,A,14,331
2gujA01,2guj,A,5,142
5upiA01,5upi,A,82,269
1c3gA02,1c3g,A,258,338
5t69A02,5t69,A,283,390
1bf2A01,1bf2,A,1,162
2zzeA03,2zze,A,504,601
6i18A04,6i18,A,387,493
1f97A01,1f97,A,27,128
4cvuA04,4cvu,A,738,853
6etzA02,6etz,A,227,310
8eq1A01,8eq1,A,72,159
1omiA01,1omi,A,1005,1109
1ti2A04,1ti2,A,721,875
2uvaG09,2uva,G,1438,1553
1ea0A04,1ea0,A,1204,1472
1hx6A02,1hx6,A,244,384
3oq3B03,3oq3,B,226,328
5gm0A01,5gm0,A,1,148
1bvsA01,1bvs,A,1,65
4iu2B01,4iu2,B,5,121
2yrlA01,2yrl,A,13,95
2a6hC05,2a6h,C,593,667
4cvuA05,4cvu,A,854,942
3weoA01,3weo,A,38,313
6hhuA01,6hhu,A,217,294
6v3pD01,6v3p,D,8,106
6ue9L02,6ue9,L,340,465
4p02B01,4p02,B,54,186
3iujA02,3iuj,A,76,412
6ibkA02,6ibk,A,325,421
1qwrA02,1qwr,A,228,316
3l9zA01,3l9z,A,1,75
3pubA02,3pub,A,124,284
1iarB01,1iar,B,1,96
4ydjA01,4ydj,A,1,113
3ntnB01,3ntn,B,153,320
1ky9B04,1ky9,B,378,446
6z30A01,6z30,A,1228,1360
1j71A01,1j71,A,1,173
3v8uA03,3v8u,A,381,538
6ixyA01,6ixy,A,338,473
3orjA01,3orj,A,33,139
5wxuD01,5wxu,D,27,299
3d2lA02,3d2l,A,138,200
1mi1A01,1mi1,A,2140,2244
2b5iC01,2b5i,C,34,129
6bxuA03,6bxu,A,695,789
2eyzA03,2eyz,A,196,286
3w7tA01,3w7t,A,1,232
4mboA02,4mbo,A,468,627
3f1sB01,3f1s,B,87,137
3fcsD05,3fcs,D,475,522
7rskA02,7rsk,A,190,298
2wcoA03,2wco,A,651,765
2nn6I02,2nn6,I,57,185
3irpX02,3irp,X,544,691
7l15A01,7l15,A,140,252
3zxjA01,3zxj,A,28,339
1bqsA02,1bqs,A,91,209
1cczA01,1ccz,A,1,93
1l1oC02,1l1o,C,477,514
3teeA02,3tee,A,138,213
1xjvA01,1xjv,A,6,150
6pqmA01,6pqm,A,193,255
4bq2D01,4bq2,D,46,242
7d73E02,7d73,E,222,358
5oj2A03,5oj2,A,241,327
4fxtA01,4fxt,A,28,117
2ox7A01,2ox7,A,6,67
5t89X01,5t89,X,33,126
4mgqA01,4mgq,A,146,294
4lfhD02,4lfh,D,122,206
1dn0D02,1dn0,D,121,222
1xezA04,1xez,A,582,716
6l9iA01,6l9i,A,49,228
2xvlA05,2xvl,A,870,988
6ovbA03,6ovb,A,265,451
4i3gA04,4i3g,A,715,828
1mv3A01,1mv3,A,409,482
2v05A02,2v05,A,129,310
7fisA01,7fis,A,5,299
5dzxA02,5dzx,A,101,207
5e53A02,5e53,A,702,794
2qqkA02,2qqk,A,147,274
6xmpA01,6xmp,A,255,387
1zpuA02,1zpu,A,148,327
3wbiA04,3wbi,A,458,602
1lqlA01,1lql,A,4,29
1axiB01,1axi,B,32,131
5tflB02,5tfl,B,749,860
1fx0B01,1fx0,B,19,97
4wsiA02,4wsi,A,345,410
7vqmA01,7vqm,A,35,219
5ejrA03,5ejr,A,2273,2356
2ichA01,2ich,A,35,221
3ffjA04,3ffj,A,537,663
6x05A01,6x05,A,59,479
4dqaA01,4dqa,A,32,163
1ogyA04,1ogy,A,678,801
4a7kA02,4a7k,A,435,735
3r8qA02,3r8q,A,93,182
1nbwA05,1nbw,A,468,512
2e7zA04,2e7z,A,570,730
3qt2A02,3qt2,A,104,216
1ybiA01,1ybi,A,10,152
1fjrA02,1fjr,A,64,188
1sddB02,1sdd,B,1723,1862
3wlwA04,3wlw,A,511,564
2dmkA01,2dmk,A,15,117
1a31A02,1a31,A,320,430
1n7zA02,1n7z,A,88,245
1iq8A04,1iq8,A,505,582
3bwsA02,3bws,A,134,456
2b2cA01,2b2c,A,3,89
2qgqA02,2qgq,A,371,430
7z47G01,7z47,G,218,287
2fd6A01,2fd6,A,11,49
3k1dA03,3k1d,A,628,731
6iccA02,6icc,A,207,292
2cqoA01,2cqo,A,8,99
7pjjA03,7pjj,A,690,819
3vmnA01,3vmn,A,102,212
3dkqA01,3dkq,A,-5,176
1fnfA01,1fnf,A,1142,1235
1nkgA03,1nkg,A,337,508
3qd6R02,3qd6,R,106,145
3fcsA04,3fcs,A,746,959
1avaA02,1ava,A,346,403
8tmsA01,8tms,A,3,282
1zxqA02,1zxq,A,86,192
4c4vB02,4c4v,B,422,808
3o4oB03,3o4o,B,218,326
3akhA01,3akh,A,9,318
4nswA02,4nsw,A,256,364
1yduA01,1ydu,A,32,170
3dgcS01,3dgc,S,19,120
7cayA01,7cay,A,6,112
4eiuA01,4eiu,A,30,134
2qj6A01,2qj6,A,16,147
3trzA01,3trz,A,35,121
1g8kA04,1g8k,A,683,817
3e1yE01,3e1y,E,440,525
2xgjA05,2xgj,A,675,804
1sg5A01,1sg5,A,10,86
8e7cA01,8e7c,A,10,90
5yjlD01,5yjl,D,54,195
4knuA02,4knu,A,151,309
4ecnA02,4ecn,A,154,291
2zxeB02,2zxe,B,63,305
7l6yA01,7l6y,A,61,266
1ce7B01,1ce7,B,1,135
1hn0A01,1hn0,A,25,234
1iyjB04,1iyj,B,2980,3117
3es1A02,3es1,A,40,165
4haoA02,4hao,A,128,264
2xidA04,2xid,A,605,719
3fq4B01,3fq4,B,988,1107
3qjhA01,3qjh,A,1,116
3qc5X01,3qc5,X,246,398
1w0pA03,1w0p,A,354,540
2q7nA01,2q7n,A,7,87
5xnrA02,5xnr,A,331,572
4nx9A02,4nx9,A,164,284
4k91A02,4k91,A,253,343
2z3zA01,2z3z,A,54,470
7vt9A02,7vt9,A,531,603
3rleA01,3rle,A,7,110
2derA03,2der,A,282,368
2k4zA01,2k4z,A,-10,102
4l5tB02,4l5t,B,352,442
2a38A02,2a38,A,99,194
1vclA01,1vcl,A,2,150
5jipA02,5jip,A,231,320
2qsvA02,2qsv,A,113,220
2j8gA03,2j8g,A,282,339
6pimA02,6pim,A,324,438
1mbmA02,1mbm,A,84,155
7vbqA01,7vbq,A,14,286
2eifA02,2eif,A,74,132
2wskA03,2wsk,A,573,657
2vldB01,2vld,B,3,120
6g6qA01,6g6q,A,14,157
2eefA01,2eef,A,12,138
1ymmE01,1ymm,E,3,119
1vhkA01,1vhk,A,2,74
3jbtA06,3jbt,A,605,916
1yuaA02,1yua,A,65,122
3oyyB03,3oyy,B,129,186
7k0xA03,7k0x,A,262,339
1eovA01,1eov,A,71,204
2q3zA04,2q3z,A,588,683
2ya1A03,2ya1,A,351,447
3obaA01,3oba,A,2,205
1cvsC01,1cvs,C,149,249
1wzlA04,1wzl,A,503,585
3qdhA02,3qdh,A,358,488
1gskA01,1gsk,A,2,175
1ynjD03,1ynj,D,397,449
1yu0A01,1yu0,A,5,55
1d4vA03,1d4v,A,69,114
3zd2B01,3zd2,B,2,65
2o14A01,2o14,A,14,161
2huhA01,2huh,A,92,227
5cq2A02,5cq2,A,471,517
3b5hA01,3b5h,A,23,104
4a0tA03,4a0t,A,464,553
2jzjA01,2jzj,A,1,111
3pquA01,3pqu,A,48,166
2petA02,2pet,A,116,231
4fchA01,4fch,A,175,283
1kbvA02,1kbv,A,161,314
1y9qA02,1y9q,A,89,181
4j7rB03,4j7r,B,753,874
4dt4A02,4dt4,A,73,129
3a35A02,3a35,A,93,184
3besR01,3bes,R,17,99
3a8pB01,3a8p,B,504,627
2j8hA01,2j8h,A,1,97
7sjlA01,7sjl,A,24,115
2g3mF01,2g3m,F,2,153
3j7aF02,3j7a,F,122,172
4hdoA03,4hdo,A,635,730
4lduA02,4ldu,A,155,260
8bxrA01,8bxr,A,2,96
2dlgA01,2dlg,A,12,91
3pv2A03,3pv2,A,352,439
2hldH01,2hld,H,11,97
3t1wA02,3t1w,A,1267,1358
3f1sB02,3f1s,B,138,239
3r4rA02,3r4r,A,191,315
3mjgX03,3mjg,X,212,312
4m37A02,4m37,A,205,374
1r8oB01,1r8o,B,97,162
7me5A01,7me5,A,27,160
2d7iA02,2d7i,A,454,603
2blfA02,2blf,A,260,373
2iabA01,2iab,A,7,149
4ckbD03,4ckb,D,395,528
5fwsA01,5fws,A,30,112
4cvuA01,4cvu,A,26,224
1zjkA01,1zjk,A,296,363
4b6zA01,4b6z,A,2,114
2b2tB02,2b2t,B,109,186
7a4aA01,7a4a,A,338,420
2z2mD02,2z2m,D,92,184
5wl1A02,5wl1,A,183,283
4ccdA03,4ccd,A,469,668
6lj3A01,6lj3,A,3,144
4lduA03,4ldu,A,322,389
7xc8A02,7xc8,A,151,247
4je0B01,4je0,B,-1,150
2yuwA01,2yuw,A,6,103
2v31A01,2v31,A,208,304
1wzaA03,1wza,A,437,515
2x8fA01,2x8f,A,39,363
2qxlB05,2qxl,B,390,541
1wthD01,1wth,D,4,116
3d30A01,3d30,A,1,108
3e4vA01,3e4v,A,3,176
6iaaA03,6iaa,A,223,303
2qkdA02,2qkd,A,95,234
4me3A03,4me3,A,133,187
2x9zA01,2x9z,A,187,335
1kloA02,1klo,A,64,119
7r6yA01,7r6y,A,118,209
4bzyA02,4bzy,A,71,183
4nzdB02,4nzd,B,100,208
5bxrA03,5bxr,A,521,661
5m8cB01,5m8c,B,149,502
2cqaA01,2cqa,A,11,84
8d7eC01,8d7e,C,113,196
4g1vA02,4g1v,A,146,263
4gpvA02,4gpv,A,177,362
4fl4F02,4fl4,F,157,313
2kd2A01,2kd2,A,96,179
1f49A05,1f49,A,731,1020
3fvqA03,3fvq,A,287,349
5jtwA03,5jtw,A,238,364
3ihxC01,3ihx,C,14,148
2xkoC01,2xko,C,4,52
6accA01,6acc,A,31,304
2je8B05,2je8,B,779,867
4nhxA01,4nhx,A,24,245
1aozA02,1aoz,A,131,336
2fmyA01,2fmy,A,2,137
3n0aA02,3n0a,A,228,362
3pqhA02,3pqh,A,198,222
1f0lA03,1f0l,A,380,533
2d9wA01,2d9w,A,12,121
4u9cA01,4u9c,A,41,174
1kb0A01,1kb0,A,1,580
6tqdC01,6tqd,C,558,653
1mxgA02,1mxg,A,338,435
3cslA02,3csl,A,241,865
3vsmA03,3vsm,A,611,704
2elbA02,2elb,A,264,373
7pzaA01,7pza,A,22,143
1ohfA03,1ohf,A,276,416
2xzlA02,2xzl,A,260,352
3m7nA03,3m7n,A,139,172
1yt5A02,1yt5,A,105,230
3c9aA01,3c9a,A,97,287
2je8A02,2je8,A,220,329
2c9kA03,2c9k,A,328,526
7k9cA01,7k9c,A,12,97
4i0kA01,4i0k,A,35,139
5xnrA01,5xnr,A,-1,313
1k32A01,1k32,A,39,310
4iqzB01,4iqz,B,37,111
4qv2A02,4qv2,A,283,430
1o75A02,1o75,A,44,155
1rwhA02,1rwh,A,373,643
6x5vA01,6x5v,A,9,104
4l5rC02,4l5r,C,155,243
2eqkA01,2eqk,A,7,79
6n8pA01,6n8p,A,21,388
3besR02,3bes,R,100,210
2e26A01,2e26,A,1956,2164
2qkdA03,2qkd,A,251,301
1bu8A02,1bu8,A,338,448
5zi7A01,5zi7,A,23,207
5h5zA02,5h5z,A,179,266
3kq4B02,3kq4,B,1048,1165
1hczA02,1hcz,A,171,229
4exkA03,4exk,A,371,474
2heyT02,2hey,T,86,166
2kdyA01,2kdy,A,1,145
2a74A04,2a74,A,330,431
4ofqB01,4ofq,B,972,1151
4ak1A03,4ak1,A,231,332
4n2cA02,4n2c,A,122,294
1c16A02,1c16,A,180,276
2ystA01,2yst,A,15,119
2d44A01,2d44,A,18,337
1g87A02,1g87,A,454,613
4kq7A02,4kq7,A,207,417
3u83A01,3u83,A,36,144
6vv5A01,6vv5,A,500,630
2o8mB01,2o8m,B,29,94
5zr6A02,5zr6,A,152,227
1cidA02,1cid,A,107,177
3fs8A01,3fs8,A,3,223
3uezC02,3uez,C,124,220
3rlfF03,3rlf,F,118,205
5h1kA02,5h1k,A,372,722
7zn6A01,7zn6,A,375,593
3amkA03,3amk,A,586,694
3wo4C03,3wo4,C,246,356
5t4mA02,5t4m,A,372,479
5fj8G02,5fj8,G,80,212
1n6uA02,1n6u,A,107,212
6cxhA03,6cxh,A,279,414
6spbV02,6spb,V,98,191
4kc3B01,4kc3,B,21,112
6my0A02,6my0,A,1539,1603
2zoeB01,2zoe,B,204,343
3gbnL02,3gbn,L,124,195
6e55A01,6e55,A,7,80
6a5kA03,6a5k,A,498,790
7uwjC02,7uwj,C,171,267
8ehtB01,8eht,B,23,169
5lwxA03,5lwx,A,364,577
2z4tA01,2z4t,A,22,113
2wsdA02,2wsd,A,176,356
1ijqA01,1ijq,A,377,638
1wlfA01,1wlf,A,13,99
1i5pA03,1i5p,A,273,470
3pqhA01,3pqh,A,138,197
1uebA01,1ueb,A,1,63
2vnuD02,2vnu,D,400,476
3qt2A01,3qt2,A,7,103
2yhgA02,2yhg,A,824,933
3zm8A01,3zm8,A,6,132
4krtB03,4krt,B,276,342
4ifdI01,4ifd,I,1,113
3p24A01,3p24,A,33,185
1mpxA03,1mpx,A,400,637
7b7aA01,7b7a,A,21,399
8gn6A01,8gn6,A,178,521
1pgsA01,1pgs,A,5,139
2p3yA03,2p3y,A,83,230
7ok5A05,7ok5,A,442,529
6o38A04,6o38,A,285,374
2ichA02,2ich,A,222,351
3wx7A02,3wx7,A,333,427
1zc1A01,1zc1,A,18,120
1p7hL02,1p7h,L,570,676
2hu9A01,2hu9,A,1,61
4ak2A01,4ak2,A,422,538
1r4kA01,1r4k,A,297,428
1rhfA02,1rhf,A,98,182
3obaA05,3oba,A,733,1025
7vpqF01,7vpq,F,307,406
1tr8A01,1tr8,A,25,76
1na6A01,1na6,A,4,177
3ottB02,3ott,B,336,652
1g6q102,1g6q,1,165,348
3l5iA03,3l5i,A,503,590
4zciA02,4zci,A,199,299
1x1iA02,1x1i,A,387,659
5tipA02,5tip,A,223,437
1g0dA01,1g0d,A,6,142
7skhB01,7skh,B,1610,1712
2qkdA04,2qkd,A,307,433
6s8zA01,6s8z,A,2,63
3hqiA01,3hqi,A,26,167
2r5oA01,2r5o,A,272,422
5yxgB01,5yxg,B,184,356
3gq8A01,3gq8,A,88,551
2xhkB01,2xhk,B,3,128
4jb9H01,4jb9,H,1,113
5w1dA02,5w1d,A,482,585
6dnzA02,6dnz,A,159,345
7m0rA01,7m0r,A,954,1035
2dl9A01,2dl9,A,10,98
2kpiA01,2kpi,A,18,56
6phxA03,6phx,A,626,720
2x10A04,2x10,A,327,434
1ynjJ02,1ynj,J,1269,1330
4liqE01,4liq,E,20,102
2q1fA01,2q1f,A,14,180
2q7nA03,2q7n,A,204,283
2r9qC01,2r9q,C,9,173
1sq4A02,1sq4,A,40,165
3ptaA03,3pta,A,722,901
3kptA03,3kpt,A,410,515
8aa9A01,8aa9,A,66,179
4emeC02,4eme,C,91,307
1a0hA01,1a0h,A,164,252
4j27A02,4j27,A,383,471
5ze9A03,5ze9,A,116,185
7uzsX04,7uzs,X,590,685
3tbdA02,3tbd,A,25,270
3ulbA01,3ulb,A,1085,1174
6nobA01,6nob,A,112,493
3puaA01,3pua,A,80,365
1h4rA03,1h4r,A,217,307
3g9vA02,3g9v,A,128,225
2uzyB04,2uzy,B,655,741
2f0cA02,2f0c,A,60,163
2dm4A01,2dm4,A,7,100
6kwaA01,6kwa,A,11,266
3rbyA01,3rby,A,0,149
4jdeA01,4jde,A,15,151
2vnuD01,2vnu,D,252,399
2hz7A05,2hz7,A,388,515
2x9zA02,2x9z,A,336,448
2p84A02,2p84,A,63,135
3i2dA01,3i2d,A,159,313
1v6zA01,1v6z,A,2,66
3jclA01,3jcl,A,15,301
2vseA02,2vse,A,299,440
3ppeA02,3ppe,A,98,203
3m7aA01,3m7a,A,30,165
2r61A02,2r61,A,23,97
1f1sA03,1f1s,A,903,984
1iamA02,1iam,A,84,185
2crfA01,2crf,A,26,150
2ijd101,2ijd,1,1,180
5z0uA03,5z0u,A,548,637
4lejA01,4lej,A,65,263
5ifpA03,5ifp,A,574,662
4hscX04,4hsc,X,462,571
3zn6A02,3zn6,A,98,184
3igfA02,3igf,A,296,369
1wfuA01,1wfu,A,18,112
3p3yA04,3p3y,A,337,426
1miqA02,1miq,A,176,327
7vt4A01,7vt4,A,240,367
1g5gA03,1g5g,A,378,437
1xhbA03,1xhb,A,426,553
1ep5A01,1ep5,A,126,189
3fbqA01,3fbq,A,4,147
7ahsA02,7ahs,A,93,176
2je6I01,2je6,I,7,64
5tr9A01,5tr9,A,14,109
3lf7A01,3lf7,A,55,476
3s40A02,3s40,A,129,288
1wxxA01,1wxx,A,2,66
5i0qB02,5i0q,B,63,124
2vrwB02,2vrw,B,383,511
3t57A01,3t57,A,40,252
6zgqA01,6zgq,A,2,148
2opkB01,2opk,B,18,111
1nkgA02,1nkg,A,252,336
2zx2A01,2zx2,A,1,96
1l9nA03,1l9n,A,481,594
2qn5B01,2qn5,B,1,67
2wsuA01,2wsu,A,386,524
3k50A02,3k50,A,90,194
4govA01,4gov,A,6,138
1n26A03,1n26,A,196,299
2e9wA01,2e9w,A,33,116
1l3wA04,1l3w,A,328,433
5m59A06,5m59,A,1230,1341
3topA05,3top,A,1714,1849
7qb0A02,7qb0,A,58,119
1wi5A01,1wi5,A,197,271
2evrA01,2evr,A,13,86
1v0fB03,1v0f,B,424,508
2vr3B02,2vr3,B,370,527
1vw3B01,1vw3,B,114,206
2c5dC01,2c5d,C,27,130
2bolA03,2bol,A,96,188
6v06A03,6v06,A,122,183
2ls0101,2ls0,1,15,128
2yyiA02,2yyi,A,139,266
3udfA03,3udf,A,297,391
3bxjA01,3bxj,A,238,396
5jgfA02,5jgf,A,136,285
1yhpA01,1yhp,A,2,93
6ruiC02,6rui,C,77,217
1h3gA01,1h3g,A,3,92
4p02A03,4p02,A,585,706
1x0cA01,1x0c,A,19,189
1pg5B02,1pg5,B,104,160
7ar9z01,7ar9,z,3,226
2c12A02,2c12,A,129,262
2e7mA01,2e7m,A,11,113
6v06A01,6v06,A,1,62
6ea2A04,6ea2,A,650,745
3nvqA03,3nvq,A,550,633
1qqgA01,1qqg,A,12,114
2xjyA01,2xjy,A,26,88
4hsaF02,4hsa,F,168,272
3fdjA02,3fdj,A,23,60
7l0jB01,7l0j,B,23,111
1qz8A01,1qz8,A,9,113
2w5fB01,2w5f,B,32,190
2g3mA04,2g3m,A,605,693
3up1A02,3up1,A,109,212
1hn0A04,1hn0,A,900,1021
2kutA01,2kut,A,4,109
3f65G01,3f65,G,2,114
2c4xA01,2c4x,A,2,95
1u0tA02,1u0t,A,140,276
2e26A02,2e26,A,2165,2319
2gefA01,2gef,A,569,693
1g7sA02,1g7s,A,226,337
5cirE02,5cir,E,166,205
1olzA03,1olz,A,539,628
3qtgA02,3qtg,A,84,177
7eehA01,7eeh,A,12,292
1hn0A03,1hn0,A,619,899
4l9bA01,4l9b,A,2,173
1lp9E02,1lp9,E,117,198
1zsqA01,1zsq,A,83,183
4amwA04,4amw,A,891,1038
2uvfB02,2uvf,B,152,607
4kcaA02,4kca,A,127,519
2yshA01,2ysh,A,8,40
3shsA01,3shs,A,2,89
2ofqA01,2ofq,A,183,271
5ngyA01,5ngy,A,305,408
4ifdG01,4ifd,G,1,61
4eiuA02,4eiu,A,135,271
5e4sA01,5e4s,A,601,694
2rf4E02,2rf4,E,131,250
2j43A01,2j43,A,5,105
1pgsA02,1pgs,A,140,314
1a3qA01,1a3q,A,37,221
4tvmA01,4tvm,A,7,52
6vftD04,6vft,D,329,447
5zwlE01,5zwl,E,1,88
3kptB01,3kpt,B,161,268
5ajiB02,5aji,B,129,178
7vcrA01,7vcr,A,606,709
6tnyB02,6tny,B,55,181
1w3fA02,1w3f,A,150,315
6etdA03,6etd,A,59,155
3orjA02,3orj,A,140,224
2dpkA01,2dpk,A,367,498
2nr4A01,2nr4,A,19,152
1bxoA02,1bxo,A,171,322
3hu1A01,3hu1,A,12,107
4werA02,4wer,A,123,288
3amuA02,3amu,A,249,398
7cymA02,7cym,A,125,235
1w4tA02,1w4t,A,89,187
3ejjX02,3ejj,X,103,201
1y7xA01,1y7x,A,11,57
4ewcA01,4ewc,A,5,75
6vbkA01,6vbk,A,11,125
3fmcA02,3fmc,A,289,362
4tvcA01,4tvc,A,1781,1977
7rh5M01,7rh5,M,237,404
3t2lA02,3t2l,A,171,316
3m9qA01,3m9q,A,4,75
2atcB02,2atc,B,101,152
1lmlA03,1lml,A,394,460
5axgA03,5axg,A,486,611
2qggA01,2qgg,A,6,98
3v0aB03,3v0a,B,834,1038
1axiB02,1axi,B,132,232
3n6zA01,3n6z,A,86,350
2wv9A01,2wv9,A,-53,168
4ri0A01,4ri0,A,135,351
1ty0A02,1ty0,A,21,95
1sf9A02,1sf9,A,75,128
1kkeA02,1kke,A,315,455
4ii1A02,4ii1,A,213,268
2zkmX01,2zkm,X,11,216
4rdbA01,4rdb,A,0,179
3weoA04,3weo,A,757,909
2g23K04,2g23,K,434,628
3jtyB01,3jty,B,36,419
3q48B01,3q48,B,31,150
3l2pA04,3l2p,A,601,746
3ujzA03,3ujz,A,799,898
3df7A03,3df7,A,125,165
6z9cA01,6z9c,A,228,353
2x2uA01,2x2u,A,29,151
2d4lA01,2d4l,A,106,211
1qhoA04,1qho,A,578,685
1f2qA01,1f2q,A,4,84
1mppA02,1mpp,A,170,332
5j3uA01,5j3u,A,145,268
5jouA02,5jou,A,214,355
3irbA02,3irb,A,77,144
1sg1X02,1sg1,X,83,161
6z30A02,6z30,A,1370,1505
1io1A03,1io1,A,190,284
7yteC01,7yte,C,22,122
4l9bA02,4l9b,A,176,393
4ci2B02,4ci2,B,62,186
5oj2A04,5oj2,A,335,434
2wyhB06,2wyh,B,522,804
3kyfA02,3kyf,A,122,238
2rc5B01,2rc5,B,8,153
3gyrA01,3gyr,A,37,223
3q0xA01,3q0x,A,16,170
3bc9A01,3bc9,A,17,109
3t2lA01,3t2l,A,36,170
4yrdA02,4yrd,A,251,369
1l3wA03,1l3w,A,214,327
5w4tA01,5w4t,A,0,98
3nqhA01,3nqh,A,22,324
2fjrA02,2fjr,A,80,192
8ci9C01,8ci9,C,11,303
3hwcA02,3hwc,A,3148,3272
4aq1A05,4aq1,A,629,738
1earA01,1ear,A,1,73
5wfiA01,5wfi,A,1787,1907
1ospO01,1osp,O,23,127
1fp5A01,1fp5,A,336,435
3csqA02,3csq,A,166,333
4yn0A02,4yn0,A,134,216
6v06A02,6v06,A,63,121
6pgwA03,6pgw,A,429,530
3rnsA01,3rns,A,0,107
1fnfA03,1fnf,A,1327,1415
2af5A01,2af5,A,28,81
6hbeA01,6hbe,A,309,441
5nfiB01,5nfi,B,42,180
1zgrA02,1zgr,A,150,295
1st8A02,1st8,A,339,528
6rpxA01,6rpx,A,184,268
2bhgA01,2bhg,A,7,98
1upsA02,1ups,A,286,420
3q2wA05,3q2w,A,442,542
1es0A02,1es0,A,82,180
3kf3A02,3kf3,A,359,535
3s9dD01,3s9d,D,11,106
2y7qA02,2y7q,A,85,173
8ezmH02,8ezm,H,143,254
2c35B02,2c35,B,81,171
4iv6A02,4iv6,A,118,226
1r3eA02,1r3e,A,231,318
3ghmA03,3ghm,A,541,682
7kbrC01,7kbr,C,830,963
3efmA02,3efm,A,157,652
3kyaA02,3kya,A,128,494
1u0lA01,1u0l,A,3,66
7dmkA02,7dmk,A,429,727
6z0jA03,6z0j,A,339,459
3wvtA02,3wvt,A,96,141
3f8uB02,3f8u,B,139,270
1x5aA01,1x5a,A,11,101
1uwvA01,1uwv,A,15,87
3ptyA02,3pty,A,760,967
5eh1A02,5eh1,A,144,240
3f8uB01,3f8u,B,1,138
2fd8A01,2fd8,A,15,213
3ppsA02,3pps,A,160,342
1bihA01,1bih,A,5,101
2qngA01,2qng,A,6,170
2bsyA02,2bsy,A,113,218
6o38A02,6o38,A,97,189
1xf1A03,1xf1,A,586,716
2qjvA02,2qjv,A,13,125
4fcaA01,4fca,A,44,152
2vtfA03,2vtf,A,527,617
3rb5A02,3rb5,A,555,693
3rq4A02,3rq4,A,102,243
7mhuA01,7mhu,A,31,399
6bxzA02,6bxz,A,1122,1222
1z8rA01,1z8r,A,9,50
4a4aA01,4a4a,A,26,160
3utoB01,3uto,B,5,104
